2006,lexus,is 250,$6200,, 145000,, 6 cylinders,, gas, silver,, clean, other,
2001,ford,e150 econoline,$4200,, 80000,,,, gas,,, clean, automatic,
2008,mazda,speed3,$7900,, 145000,,,, gas,,, clean, manual,
2006,nissan,altima,$1000,,, good, 6 cylinders, fwd, gas, white, compact, clean, automatic, sedan
1991,chevrolet,1500 silverado,$1750,, 146000, excellent, 6 cylinders, rwd, gas, white, full-size, clean, automatic, pickup
1996,honda,accord,$1000,, 130000, good,,, gas,,, clean, automatic,
2003,Volkswagen,Jetta,$2500,, 164362, good, 4 cylinders, fwd, gas, grey, mid-size, clean, automatic, sedan
1983,datsun,,$250,,,,,, other,,, missing, other,
2005,Chrysler,300,, 2C3AA63HX5H693821,,,,, gas,,, clean, automatic,
2006,honda,civic sedan,$6000,,, good, 4 cylinders, fwd, gas, custom, mid-size, clean, manual, sedan
2008,Jeep,Wrangler Unlimited,$19000,, 93000, good,, 4wd, gas, silver,, clean, automatic,
2000,ford,taurus,$500,,,,,, gas,,, missing, automatic,
2008,Infiniti,G35,$2000,,,,,, gas,,, clean, automatic,
2013,honda,civic si,$15170, 2HGFB6E50DH700440, 59550, excellent, 4 cylinders, fwd, gas, black,, clean, manual, sedan
1997,dodge,ram 1500,$2500,, 145276, fair, 8 cylinders, fwd, gas, black, full-size, clean, automatic, pickup
2006,TOYOTA,AVALON,$1555,,, excellent, 6 cylinders, fwd, gas, white,, clean, automatic, sedan
2002,F150,XLT,$5200, 1ftrx18w02ka61244, 216000, good, 8 cylinders, 4wd, gas, yellow, full-size, clean, automatic, pickup
2001,Ford,F-350 super duty,$10500,, 280000, good, 8 cylinders, 4wd, diesel, white, full-size, clean, automatic, truck
2007,BMW,mits,$2000,,, good,, 4wd, gas, red,, clean, manual, sedan
2008,Honda,Accord,$7250,, 70033, excellent, 4 cylinders, fwd, gas, white, compact, rebuilt, automatic, sedan
2017,lexus,is 300,$36999,,,,,, gas,,, clean, automatic,
1988,88,jeep,$1450,,,,,, gas,,, clean, automatic,
2008,Honda,Accord,$7250,, 70033, excellent, 4 cylinders, fwd, gas, white, full-size, rebuilt, automatic, sedan
1987,nissan,hardbody,$2700,, 210000, excellent, 4 cylinders, rwd, gas, brown, compact, clean, manual, pickup
2008,Honda,Accord,$7250,, 70033, excellent, 4 cylinders, fwd, gas, white, mid-size, rebuilt, automatic, sedan
1995,chevrolet,2500,$200,,,,,, gas,,, clean, automatic,
2000,volkswagen,passat,$2700,, 137000, fair, 6 cylinders, fwd, gas, blue,, clean, automatic, wagon
2000,buick,regal,$2500,,, excellent, 6 cylinders,, gas,,, clean, automatic,
2000,buick,regal,$2500,,, excellent, 6 cylinders,, gas,,, clean, automatic,
2008,Honda,Accord,$7250,, 70033, excellent, 4 cylinders, fwd, gas, white, full-size, rebuilt, automatic, sedan
1994,Chevy,s10 blazer,$1800,,,,,, gas, white,, clean, automatic,
2006,gmc,2500 savana cargo,$3500,, 285000, good, 8 cylinders, rwd, gas, white, full-size, clean, manual, van
2012,ford,f-150,$18500,, 130000, good, 6 cylinders, 4wd, gas, black, full-size, clean, automatic, pickup
2002,ford,f-250 super duty,$16900, 1FTNW21F12EB31754, 220001, excellent, 8 cylinders, 4wd, diesel, black, full-size, clean, automatic, truck
2002,Bv,ec3,$10000,, 100000, salvage, 8 cylinders, rwd, gas, brown, full-size, salvage, automatic, wagon
1982,Toyota,2wd,$2000,, 22000, good, 4 cylinders, rwd, gas, brown,, clean, manual, truck
2001,dodge,ram 2500,$17900, 3B7KF23751G805209, 182557, excellent, 6 cylinders, 4wd, diesel, red, full-size, clean, manual, truck
1993,93,toyota 4 runner,$1000,, 260000, good, 6 cylinders, 4wd, gas, blue, mid-size, clean, manual, SUV
2008,honda,accord,$7950,, 101215, excellent, 4 cylinders, fwd, gas, black, compact, rebuilt, automatic, sedan
2001,acura,,$2500,, 199020, good, 6 cylinders,, gas, white, mid-size, clean, automatic, sedan
1997,Honda,Civic,$700,,,,,, gas,,, clean, manual,
1980,GMC,,$3900,, 103000, good, 8 cylinders, 4wd, gas, orange, mid-size, clean, manual, pickup
2004,ford,f250 diesel power stroke,$8000,, 240000, fair, 8 cylinders, 4wd, diesel, silver, full-size, clean, automatic, truck
2002,Honda,S2000,$14000,, 102000,,,, gas, silver,, clean, manual,
1999,dodge,durango,$1,, 163000,, 8 cylinders,, gas, silver, full-size, clean, automatic, SUV
2001,Dodge,Dakota,$4865,, 170000,, 8 cylinders,, gas,, mid-size, clean, automatic,
2013,bmw,528i,$18500,, 44000, excellent, 4 cylinders, rwd, gas, grey, full-size, clean, automatic, sedan
2004,Ford,F-250,$8500,, 187892, good, 8 cylinders, rwd, diesel, blue,, clean, automatic, truck
2002,pontiac,grand prix,$450,, 1987828, good,, fwd, gas, red,, clean, automatic,
1997,saturn,sl2,$500,, 230000, salvage, 4 cylinders, fwd, gas,,, clean, manual, other
2004,toyota,tacoma,$5500,,, good, 4 cylinders,, gas, white,, clean, manual,
2015,Honda,Accord 4-door sedan,$21800,, 32400, like new, 6 cylinders, fwd, gas, white, mid-size, clean, automatic, sedan
2007,Honda,Element SC,$5600,, 189100, good, 4 cylinders, fwd, gas, silver,, clean, automatic,
2002,volkswagen,passat 4f W8,$10, WVWUK63B22P440761, 112000, excellent, 8 cylinders, 4wd, gas, silver, mid-size, clean, other, sedan
2011,BMW,X5 1 OWNER,$14990,,,,,, gas,,, clean, automatic,
2000,honda,accord ex,$400,,,,,, gas,,, clean, automatic,
2009,SCION,XB,$6900,,,,,, gas,,, clean, automatic,
2008,SMART,FORTWO,$4990,,,,,, gas,,, clean, automatic,
1994,Audi,100s,$720,, 150000, good, 4 cylinders, fwd, gas,,, clean, automatic,
1997,HONDA,CIVIC LX,$1995,,,,,, gas,,, clean, manual,
2010,MINI,Cooper,$5990, WMWMF3C54ATU76578, 70603, excellent, 4 cylinders, fwd, gas, grey, compact, clean, manual, hatchback
2002,volvo,v70,$1400,, 167000, good, 6 cylinders, rwd, gas,,, clean, automatic,
2004,TOYOTA,SEQUOIA SR5,$7995,,,,,, gas,,, clean, automatic,
2006,bmw,x3 3.0i,$5600,,, good, 6 cylinders, 4wd, gas, white,, clean, automatic,
1996,Honda,Civic EX 4 dr,$1640,, 208960, good, 4 cylinders, fwd, gas, black, compact, clean, manual, sedan
2005,mercedes-benz,cclass,$6500,,, good, 8 cylinders, rwd, gas, black,, clean, automatic, convertible
2005,NISSAN,QUEST,$3995,,,,,, gas,,, clean, automatic,
2006,FORD,EXPLORER XLT,$5995,,,,,, gas,,, clean, automatic,
2006,HONDA,PILOT EX-L,$5995,,,,,, gas,,, clean, automatic,
2003,mini,cooper,$3995,,,,,, gas,,, clean, manual,
2001,toyota,sequoia limited,$10500,, 139000, excellent, 8 cylinders, 4wd, gas,,, clean, automatic,
1997,Ford,F-350,$13500, 3FEKF38GXVMA57599, 177776, good, 8 cylinders, 4wd, gas, red, full-size, clean, manual, truck
2000,ford,escort zx2,$1400,,,,,, gas,,, clean, automatic,
2000,subaru,outback wagon,$1650,, 199820, good, 4 cylinders, 4wd, gas, green, compact, clean, manual, wagon
2006,TOYOTA,TUNDRA DOUBLE CAB 4WD,$12995,,,,,, gas,,, clean, automatic,
2016,FORD,ESCAPE,$19990, 1FMCU9G97GUC13018, 30507,,,, gas, black,, clean, automatic,
2014,MITSUBISHI,OUTLANDER SPORT,$13990, 4A4AR3AU1EE028700, 58519,,,, gas, silver,, clean, automatic,
2007,Honda,ELEMENT SC,$5600,, 189100, good, 4 cylinders, fwd, gas, silver,, clean, automatic,
2012,BUICK,ENCLAVE,$16990, 5GAKVCED1CJ130201, 96082,,,, gas, white,, clean, automatic,
2012,GMC,ACADIA,$15990, 1GKKVRED8CJ123638, 99602,,,, gas, white,, clean, automatic,
2010,DODGE,DAKOTA,$14990, 1D7CW3GK7AS148033, 96407,,,, gas, black,, clean, automatic,
2003,Ford,Focus Wagon SE,$600,, 290000, fair, 4 cylinders, fwd, gas, grey, full-size, salvage, automatic, wagon
2012,JEEP,LIBERTY,$11990, 1C4PJMAK1CW155547, 115433,,,, gas, silver,, clean, automatic,
2014,CHEVROLET,EQUINOX,$13990, 2GNALBEKXE6267668, 94898,,,, gas, blue,, clean, automatic,
2013,VOLKSWAGEN,CC,$10990, WVWRP7AN2DE563002, 127360,,,, gas,,, clean, automatic,
2010,CADILLAC,SRX,$14990, 3GYFNDEYXAS647950, 89253,,,, gas, black,, clean, automatic,
2009,FORD,F-150,$17990, 1FTPX14V19KA23603, 83390,,,, gas, black,, clean, automatic,
2005,toyota,sienna,$7550,,, excellent, 6 cylinders,, gas, blue,, salvage, automatic, van
2013,FORD,EXPLORER,$16990, 1FM5K7D96DGA90104, 105627,,,, gas, black,, clean, automatic,
2014,FORD,EXPLORER,$19990, 1FM5K8D87EGA92264, 97849,,,, gas, black,, clean, automatic,
2009,FORD,F-150,$20990, 1FTPW14V79FB08022, 82935,,,, gas,,, clean, automatic,
2003,volkswagen,golf,$1000,,, fair, 4 cylinders,, gas, silver,, clean, automatic, sedan
2011,FORD,F-150,$21990, 1FTFW1EF9BFC97832, 93603,,,, gas, white,, clean, automatic,
2005,KIA,SORENTO,$5000, KNDJD733X55342878, 136019,,,, gas, black,, clean, automatic,
2003,Ford,Focus zx3,$750,, 183883,,,, gas,,, clean, automatic,
1999,chevrolet,camaro,$7900, 2G1FP32G3X2106879, 130001, excellent, 8 cylinders, rwd, gas, blue, mid-size, clean, automatic, convertible
1997,Ford,F-350 Dump Truck,$13500,,, good, 8 cylinders, 4wd, gas, red, full-size, clean, manual, truck
2002,GMC,,$8000,,, like new, 6 cylinders,, gas,,, clean, automatic,
2000,Ford,f-150,$2395,, 134800, good, 6 cylinders, rwd, gas, white, full-size, clean, automatic, pickup
2012,kia,optima,$2100,,, excellent, 4 cylinders, fwd, gas, silver, full-size, clean, automatic, sedan
2013,bmw,5 series 528i,$19500,, 42500, excellent, 4 cylinders, rwd, gas, grey, full-size, clean, automatic, sedan
2002,gmc,1500 yukon xl,$6900, 1GKEC16Z32J150257, 178080, excellent, 8 cylinders, rwd, gas, red, full-size, clean, automatic, SUV
1996,jeep,grand cherokee,$1250,,,,,, gas,,, clean, automatic,
1994,lincoln,town car,$3500,, 100600, excellent, 8 cylinders, rwd, gas, black, full-size, clean, automatic, sedan
1999,chrysler,concord,$1000,, 122000, good,,, gas,,, clean, automatic,
1991,Dodge,D150,$6800,,, good, 8 cylinders, rwd, gas,, full-size, clean, automatic, truck
2012,nissan,maxima sv,$2200,,, like new, 6 cylinders,, gas, black, mid-size, clean, automatic, sedan
1995,Honda,Civic,$2200,, 150000, excellent, 4 cylinders,, gas, white,, clean, automatic,
1996,jeep,grand cherokee,$1250,,,,,, gas,,, clean, automatic,
2003,GMC,YUKON DENALI,$12500,, 158000, like new, 8 cylinders, 4wd, gas,, full-size, clean, automatic, SUV
1971,Ford,Mustang,$5000,, 89553, good, 8 cylinders, rwd, gas, brown, full-size, clean, automatic, coupe
2003,ford,f450,$23500,,,, 8 cylinders, 4wd, diesel, red, full-size, clean, automatic, truck
2003,dodge,ram 2500,$12500,, 174000, good, 8 cylinders, 4wd, gas, white, full-size, clean, automatic, truck
2007,Jeep,Wrangler Unlimited,$21500,, 113456, like new,, 4wd, gas, blue, full-size, clean, automatic,
2002,Pontiac,Montana Van,$1950,, 234000, good, 6 cylinders, fwd, gas,, mid-size, rebuilt, automatic, mini-van
1999,ford,explorer 4x4,$400,,,, 6 cylinders, rwd, gas, red,, clean, automatic, SUV
1988,honda,civic hatchback,$1300,,, good,, fwd, gas, white, compact, clean, manual, hatchback
2000,toyota,camry le,$1600, JT2BF22K1Y0259845, 216000, good, 6 cylinders, fwd, gas, brown, compact, clean, automatic, sedan
1999,dodge,ram 1500,$3400,, 156000, good, 8 cylinders, 4wd, gas, green, full-size, clean, automatic, truck
1999,ford,explorer 4x4,$400,, 171000,, 6 cylinders, rwd, gas, red,, clean, automatic, SUV
1994,Rtra,,$1, 1EF1S2927R2453061,, fair,,, other,,, clean, other, other
2005,Nissan,Altima,$4200,,,,,, gas,,, clean, automatic,
1999,porsche,911 carrera,$18700,,, excellent, 6 cylinders, rwd, gas, white,, clean, manual,
2003,honda,accord,$3000,,,,,, gas,,, clean, manual,
1997,nissan,sentra,$800,, 208000,,,, gas,,, clean, manual,
2016,GMC,YUKON,$37900,, 50800, excellent, 8 cylinders, 4wd, gas, blue, full-size, clean, automatic, SUV
2007,honda,civic si,$6400,, 154,, 4 cylinders, fwd, gas, red,, rebuilt, automatic,
1991,toyota,corolla,$725,,, fair, 4 cylinders, fwd, gas, silver,, rebuilt, automatic,
1997,toyota,4runner,$5000,,,,,, gas,,, rebuilt, automatic,
2005,vw,new beetle convertible,$4650,, 105000, excellent, 4 cylinders, fwd, gas, grey, compact, clean, automatic, convertible
2017,Hyundai,Elantra,$13995, 5NPD74LF7HH090637, 41539,,, fwd, gas,,, clean, automatic,
2012,Chevrolet,Equinox,, 2GNALBEK2C1243410, 0,,, fwd, gas,,, clean, automatic,
2014,Ford,Focus,$11995, 1FADP3F29EL132208, 28985,,, fwd, gas,,, clean, automatic,
1975,ford,explorer,$5500, 980078283846194,, good, 8 cylinders, rwd, gas, brown, full-size, clean, manual, truck
2010,Ford,F150 XLT,$25900,, 46000, like new, 8 cylinders, 4wd, gas, red, full-size, clean, automatic, truck
2003,ford,ranger,$200,,,,,, gas,,, clean, automatic,
1999,TOYOTA,TACOAMA,$11900,, 141000, excellent, 4 cylinders, 4wd, gas, white, mid-size, clean, automatic, pickup
1999,honda,accord lx,$600,, 200000, fair, 4 cylinders, fwd, gas, green, compact, clean, manual, sedan
2017,CHEVY,SONIC LT / RS,$14900,, 5100, like new, 4 cylinders, fwd, gas, silver, compact, clean, automatic,
2002,cadillac,escalade,$5500,, 170000, good, 8 cylinders, 4wd, gas, white, full-size, clean, automatic, SUV
1991,ford,econoline,$2500,, 284000, good, 8 cylinders, rwd, gas, red, full-size, clean, automatic, van
2011,GMC,Sierra 2500HD,$21999, 1GT220CG9BZ261489, 77525,, 8 cylinders, 4wd, gas, green,, clean, automatic, truck
1992,honda,civic,$400,,,,,, gas,,, salvage, manual,
2016,DODGE,CHALLENGER R/T,$33900,, 10191, like new, 8 cylinders, rwd, gas, blue, full-size, clean, manual, coupe
2007,MAZDA,3 HATCH BACK,$5950,, 161000, excellent, 4 cylinders, fwd, gas, silver, compact, clean, manual, hatchback
2008,ford,f250 super duty,$23500,, 181000,,,, diesel,,, clean, automatic,
1987,bmw,325i,$6999,,,,,, gas,,, clean, automatic,
1999,Ford,F350 Lariat Edition,$16000,, 246123, good, 8 cylinders, 4wd, diesel, white, full-size, clean, manual, truck
1996,suzuki,sidekick,$3200,,, good, 4 cylinders, 4wd, gas,,, clean, manual, SUV
2013,CHEVY,2500 HD X-CAB,$39900,, 60000, excellent, 8 cylinders, 4wd, diesel, silver, full-size, clean, automatic, pickup
2009,HYANDAI,SANTA FE AWD,$9995,, 99000, excellent, 6 cylinders, 4wd, gas, white, mid-size, clean, automatic, SUV
1978,triumph,spitfire 1500,$1500,,,,,, gas, orange,, clean, manual,
1999,subaru,impreza,$2000,,, good, 4 cylinders,, gas, white, compact, rebuilt, automatic, hatchback
2007,chevrolet,1500 silverado,$12500,,,,,, gas,,, clean, automatic,
1999,honda,accord,$600,, 200000, fair, 4 cylinders,, gas,,, clean, manual,
1993,camry,le,$1000,, 210678, good,, fwd, gas, custom, compact, clean, automatic, sedan
1991,Isuzu,,$1000,,,,,, gas,,, clean, manual,
2013,toyota,tundra crew max,$21990,, 117000, excellent, 8 cylinders, 4wd, gas, silver,, clean, automatic, truck
1964,Chevy,nova,$6500,,,,,, gas,,, rebuilt, automatic,
1964,Chevy,nova,$6500,,,,,, gas,,, rebuilt, automatic,
2000,honda,abs,$1000,,, like new,,, gas,,, clean, automatic,
2001,GMC,Yukon XL 2500,$4900,,,,,, gas,,, clean, automatic,
1971,Ford,f100,$8000,,,,, rwd, gas,,, clean, automatic,
2003,Nissan,Frontier,$3800,, 165000, good, 4 cylinders,, gas, white,, clean, manual, truck
2012,Kia,Optima sx,$10999,,,,,, gas,,, salvage, automatic,
1995,nissan,maxima,$800,, 188034, fair,,, gas,,, clean, automatic,
2003,ford,ranger,$4500,, 16366, good,,, gas, green,, clean, automatic,
2014,Toyota,Prius C Two,$12500,, 34500, like new, 4 cylinders, fwd, hybrid, blue, compact, clean, automatic, hatchback
2001,Lexus,RX300,$3875,, 243000, good, 6 cylinders, 4wd, gas, black, full-size, clean, automatic, SUV
1989,Toyota,Pickup,$2000,,, good, 4 cylinders, rwd, gas,,, clean, manual,
2013,RAM,1500 Longhorn 4x4,$35995,, 70250, like new, 8 cylinders, 4wd, gas, white, full-size, lien, automatic, pickup
2007,chevy,tahoe ltz,$8500,, 183000, excellent, 8 cylinders, 4wd, gas, black, full-size, clean, automatic, SUV
2000,dodge,dakota sport,$4000,, 189000,, 6 cylinders, rwd, gas, black,, clean, automatic,
1962,dodge,dart,$19995,,, excellent, 8 cylinders, rwd, gas, custom, full-size, clean, automatic,
2011,scion,tc,$7350,, 95000, excellent,,, gas, white,, rebuilt, automatic,
1995,ford,econoline,$2000,, 280, good,,, gas,,, clean, automatic,
1994,civic,del sol,$3250,, 190000, excellent,, fwd, gas,,, clean, manual,
1981,chevy,c10,$2000,,, good, 8 cylinders, rwd, gas, white,, clean, manual, pickup
2002,Buick,,$4100,, 171000, excellent, 6 cylinders,, gas, blue, mid-size, clean, automatic, SUV
1998,volvo,v70,$1,, 214141, excellent, 5 cylinders, fwd, gas, white,, clean, automatic, wagon
2008,toyota,tundra 4wd truck,$17000,, 178500, good,,, gas,,, clean, automatic,
1999,GMC,Yukon,$11800,, 153549, excellent, 8 cylinders, 4wd, gas,,, clean, automatic, SUV
2012,BMW,328i,$16000,, 54000, like new, 4 cylinders, rwd, gas, white, mid-size, clean, automatic, sedan
2008,chrysler,300c,$8200,, 85000, excellent, 8 cylinders,, gas, red, full-size, clean, automatic, sedan
2015,subaru,xv crosstrek 2.0i limited,$20950,, 45000,,,, gas,,, clean, automatic,
2004,Dodge,Ram,$16000,, 168000, good,,, diesel,,, clean, automatic,
1997,Buick,Skylark,$800,, 115000, fair, 6 cylinders,, gas, blue, mid-size, clean, automatic, sedan
2006,2006,,$6700,, 106000, excellent, 4 cylinders, fwd, gas, white, compact, clean, automatic, sedan
2002,mitsubishi,diamante,$1800,,,,,, gas,,, clean, automatic,
1984,Toyota,4runner,$3500,,,,,, gas,,, clean, manual,
2006,toyota,corolla,$6995, 1NXBR32E56Z58301, 95620, excellent, 4 cylinders, fwd, gas, grey, compact, clean, automatic,
2005,audi,S4,$8995,, 108700, good, 8 cylinders, 4wd, gas, grey, mid-size, clean, automatic,
2009,bmw,x5 xdrive48i,$15900, 5UXFE835X9L171141, 110198, excellent, 8 cylinders, 4wd, gas,, mid-size, clean, automatic, SUV
2010,volkswagen,jetta,$8900, 3VWRZ7AJ2AM068521, 125887, excellent, 4 cylinders, fwd, gas, white, compact, clean, automatic, sedan
2008,Ford,F-450 PU,$12000,,, good, 8 cylinders, 4wd, diesel, black, full-size, clean, automatic, pickup
2005,audi,s4,$9900, WAUXL68E35A037793, 132155, excellent, 8 cylinders, 4wd, gas, silver, compact, clean, manual, wagon
2001,vw,jetta tdi,$2800,, 185550, good,, fwd, diesel, black,, clean, automatic,
1995,Honda,Civic,$800,,,,,, gas,,, lien, manual,
2008,GMC,1500 Yukon Hybrid,$14999,, 97000, excellent, 8 cylinders, 4wd, gas, black, full-size, clean, automatic, SUV
2012,Mini,Cooper Clubman S,$9999,, 97000, excellent, 4 cylinders, fwd, gas, green, compact, clean, automatic, coupe
1980,Camaro,z28,$500,,,,,, gas,,, missing, other,
2006,MERCEDES-BENZ,CLS 500,$6990, WDDDJ75X66A025300, 148675, excellent, 8 cylinders, rwd, gas, black, compact, clean, automatic, sedan
2001,chevy,blazer,$850,,, good, 6 cylinders, rwd, gas, green,, clean, automatic,
2000,ford,f-250 super duty,$10999,,,,,, diesel,,, clean, automatic,
1977,Chevy,,$2500,,,,,, gas,,, clean, manual,
1997,benz,e320,$1600,, 165000,,,, gas,,, clean, automatic,
1996,ford,explorer xlt,$800,, 225000, fair, 6 cylinders, 4wd, gas, green,, clean, automatic, SUV
1989,ford,ranger,$2000,, 160000, excellent, 4 cylinders,, gas, white,, clean, manual,
1998,Honda,Prelude,$1,, 296000, fair, 4 cylinders, fwd, gas, white,, clean, manual, coupe
1995,Honda,Civic,$1500,, 180000, good, 4 cylinders, fwd, gas, white, compact, clean, manual, sedan
1999,chevrolet,silverado,$2300,, 261200, good, 8 cylinders, 4wd, gas, red, full-size, clean, automatic, truck
2008,Scion,xB,$5000,, 179667, excellent,,, gas, white,, clean, manual,
2005,dodge,ram 3500,$22995, P1168, 158000, good, 6 cylinders, 4wd, diesel, brown, full-size, clean, manual, truck
2015,subaru,xv crosstrek,$21900,, 51000, excellent, 4 cylinders, 4wd, hybrid, white, compact, clean, automatic, hatchback
2002,Mits.,Lancer,$800,,,,,, gas,,, clean, automatic,
2009,Acura,TSX,$6800,,,,,, gas,,, clean, manual,
2003,GTI,,$5800,, 151000,,,, gas,,, clean, manual,
2003,honda,accord,$5900,, 106486,,,, gas,,, clean, automatic,
2012,Chevrolet,Equinox,, 2GNALBEK2C1243410, 0,,, fwd, gas,,, clean, automatic,
2011,Nissan,Sentra,$7995, 3N1AB6AP7BL634556, 64020,,, fwd, gas,,, clean, automatic,
2003,Mercedes-Benz,E-Class,$6995, WDBUF70J33A157763, 175728,,, rwd, gas,,, clean, automatic,
1982,bmw,320i,$9995, WBAAG3300C8052650, 125811, excellent, 4 cylinders,, gas, red, compact, clean, manual, coupe
1982,bmw,320i,$9995, WBAAG3300C8052650, 125811, excellent, 4 cylinders,, gas, red, compact, clean, manual, coupe
2001,dodge,lifted ram cummins 2500,$16995, P1164, 133000, excellent, 6 cylinders, 4wd, diesel, blue, full-size, clean, automatic, truck
1989,Jeep,Cherokee,$3000,, 185000, good, 4 cylinders, 4wd, gas, silver,, clean, automatic, SUV
2001,chevy,s-10 blazer,$900,,, good, 6 cylinders, rwd, gas, green,, clean, automatic,
2008,chrysler,pt cruiser,$3000,, 155, excellent, 4 cylinders, fwd, gas,, compact, clean, automatic,
1984,MICHAEL,JORDAN,$4000,,, excellent,,, other,,, clean, other,
1984,MICHAEL,JORDAN,$4000,,, excellent,,, other,,, clean, other,
1977,Ford,,$6700,, 60000, good, 8 cylinders, rwd, gas, custom,, clean, automatic,
2001,buick,lesabre,$900,,, fair, 6 cylinders,, gas,,, clean, automatic,
2003,Buick,Regal,$1800,,,,,, gas,,, clean, automatic,
2007,Toyota,Camry LE,$8950,, 113000, good, 6 cylinders, fwd, gas,, mid-size, clean, automatic, sedan
2013,ford,f-150 xlt,$30000,, 22200, like new, 8 cylinders, 4wd, gas, grey,, clean, automatic, truck
2006,volkswagen,super beetle,$1400,,,, 5 cylinders, fwd, gas,,, clean, automatic,
2013,Ford,F-150,$29747, 1FTFW1ET1DFB11175, 31043,, 6 cylinders, 4wd, gas, silver,, clean, automatic, truck
2017,Ford,Expedition,$37947, 1FMJU1JT1HEA71080, 11737,, 6 cylinders, 4wd, gas, red,, clean, automatic, SUV
2012,scion,tc,$9991,, 74627,, 4 cylinders, fwd, gas, yellow,, clean, automatic, coupe
2001,Ford,F-150,$6747, 1FTRW07L41KE67238, 143130,, 8 cylinders, rwd, gas,,, clean, automatic, truck
2014,Ford,Focus,$10747, 1FADP3F20EL247621, 32355,, 4 cylinders, fwd, gas, grey,, clean, automatic, sedan
2008,Chevrolet,Malibu,$6747, 1G1ZJ57738F186185, 115328,, 6 cylinders, fwd, gas,,, clean, automatic, sedan
2017,Ford,Expedition EL,$40747, 1FMJK1JT9HEA39841, 18854,, 6 cylinders, 4wd, gas, silver,, clean, automatic, SUV
2001,volvo,v70 t5,$1200,,,,,, gas,,, clean, automatic,
1998,honda,civic lx,$1700,,,,,, gas,,, clean, automatic,
1993,dodge,ram w250,$8000,, 289000, good, 6 cylinders, 4wd, diesel,,, clean, automatic,
2013,BMW,650i,$27916, WBAYM9C54DDW20171, 83031,, 8 cylinders, rwd, gas, white,, clean, automatic, coupe
2012,Ram,3500,$42987, 3C63D3EL6CG288765, 71461,, 6 cylinders, 4wd, diesel, black,, clean, manual, truck
2016,Nissan,Sentra,$12987, 3N1AB7AP3GY275559, 45759,, 4 cylinders, fwd, gas, grey,, clean, automatic, sedan
2015,Ford,Transit Connect Wagon,$16998, NM0GE9F71F1197849, 41869,, 4 cylinders, fwd, gas,,, clean, automatic, van
2015,Chevrolet,Volt,$16691, 1G1RB6E42FU106301, 30284,, 4 cylinders, fwd, hybrid, silver,, clean, automatic, sedan
1998,Chevrolet,Lumina,$2600,, 80336, excellent, 6 cylinders, fwd, gas, blue, full-size, clean, automatic, sedan
2017,Nissan,Rogue,$19494, KNMAT2MT6HP514577, 28819,, 4 cylinders, fwd, gas, silver,, clean, automatic, SUV
2014,Chevrolet,Cruze,$9872, 1G1PD5SB6E7359472, 79848,, 4 cylinders, fwd, gas, silver,, clean, manual, sedan
1995,Honda,Accord,$1450,, 203978,, 4 cylinders, fwd, gas, custom, mid-size, clean, automatic, sedan
1998,honda,civic,,, 110000, fair, 4 cylinders, fwd, gas, blue, compact, clean, automatic, sedan
2013,Scion,xD,$8950, JTKKUPB40D1038018, 34500, excellent, 4 cylinders, fwd, gas, grey, compact, clean, manual, hatchback
1966,Chevrolet,,$2200,,,,,, gas,,, clean, manual,
2007,saab,9-3 2.0t,$2500,,, good, 4 cylinders, fwd, gas,,, clean, automatic,
2000,vw,beetle,$2000,, 144000, like new,,, gas, yellow,, clean, automatic, hatchback
1989,camaro,z28,$5000,,,,,, gas,,, clean, automatic,
2012,chevrolet,impala lt,,,, excellent, 6 cylinders, fwd, gas,,, clean, automatic,
1995,1995,e350,$1400,, 239000,,,, gas,,, clean, automatic,
2003,Dodge,Durango SLT,$1000,, 140000,,,, gas,,, rebuilt, automatic,
1995,Ford,e350,$1400,, 206000,,,, gas,,, clean, automatic,
1990,Chevy,c1500,$1550,,,,,, gas,,, clean, manual,
2011,dodge,avenger,,,, excellent, 6 cylinders, fwd, gas,,, clean, automatic,
2013,fiat,500 abarth,$11500,, 12350, excellent, 4 cylinders, fwd, gas, white, sub-compact, clean, manual, hatchback
2011,dodge,avenger,,,, excellent, 6 cylinders, fwd, gas,,, clean, automatic, sedan
2011,GMC,Sierra hybrid SLT,$21750, 3gtp2WE30bg223037, 99765, excellent, 8 cylinders, 4wd, hybrid, silver, full-size, clean, automatic,
2012,master,tow,$1600,,, good,,, other,,, clean, other,
2003,vw,jetta,$750,,,,,, gas,,, clean, automatic,
2001,bmw,z3,$5000,, 112000, good, 6 cylinders, rwd, gas, blue, compact, clean, manual, convertible
2014,Jeep,Grand Cherokee,$20595, 1C4RJFAG2EC178579, 44781,, 6 cylinders, 4wd, gas, grey,, clean, automatic, SUV
1989,gmc,sierra 3500,$5500,, 62000, excellent, 8 cylinders, rwd, gas, white,, clean, manual, pickup
2017,Nissan,Sentra,$15995, 3N1AB7AP1HY385690, 1867,, 4 cylinders, fwd, gas, black,, clean, automatic, sedan
2002,Chevrolet,Corvette,$16500,,,,,, gas,,, clean, manual,
2001,ford,taurus,$1,,,,,, gas,,, clean, automatic,
2013,Chevrolet,Silverado 1500,$25990, 3GCPKSE73DG113307, 65286,, 8 cylinders, 4wd, gas,,, clean, automatic, truck
2016,Jeep,Renegade,$19990, ZACCJBBT4GPC96772, 28405,, 4 cylinders, 4wd, gas, grey,, clean, automatic, SUV
2000,volkswagen,jetta,$1400,,,,,, gas,,, salvage, manual,
1953,Ford,Customline,$18000,,, excellent, 8 cylinders, rwd, gas, orange, full-size, clean, automatic, coupe
2003,dodge,ram 1500,$7650,,, good, 8 cylinders, 4wd, gas, silver, full-size, clean, automatic, pickup
1981,Chev.,C-10,$2100,,,,,, gas,,, clean, manual, pickup
2012,Ford,Super Duty F-450 Pickup,$49747, 1FT8W4DTXCEC74262, 43508,, 8 cylinders, 4wd, diesel, red,, clean, automatic, truck
2013,Ford,Super Duty F-250,$27999, 1FT7W2B64DEB66590, 66930,, 8 cylinders, 4wd, gas, white,, clean, automatic, truck
2013,Nissan,Frontier,$24747, 1N6AD0EV7DN732144, 71257,, 6 cylinders, 4wd, gas, black,, clean, automatic, truck
2010,toyota,tacoma trd sport,$16900,, 97500, excellent, 6 cylinders, 4wd, gas, silver, full-size, salvage, automatic, truck
2016,Chrysler,Town & Country,$20747, 2C4RC1BG5GR298852, 37022,, 6 cylinders, fwd, gas, grey,, clean, automatic, van
2013,GMC,Acadia,$22999, 1GKKVTKDXDJ237630, 87780,, 6 cylinders, 4wd, gas, black,, clean, automatic, SUV
2015,Ford,Fiesta,$10747, 3FADP4BE6FM171084, 12847,, 3 cylinders, fwd, gas, black,, clean, manual, sedan
2014,Subaru,Impreza WRX,$24999, JF1GV7F64EG013603, 37510,, 4 cylinders, 4wd, gas, white,, clean, other, sedan
1991,Honda,civic wagon 2wd,$400,, 132000, fair, 4 cylinders, fwd, gas,,, clean, manual, wagon
2015,Dodge,Journey,$14999, 3C4PDCBG8FT686427, 65855,, 6 cylinders, fwd, gas, white,, clean, automatic, SUV
2017,Jeep,Patriot,$16999, 1C4NJRBB4HD104128, 31630,, 4 cylinders, 4wd, gas, blue,, clean, automatic, SUV
2002,honda,odyssey,$500,,, fair, 6 cylinders,, gas,,, clean, automatic, mini-van
2007,mercury,mountaineer,$5995, 4M2EU48E97UJ13055,,,,, gas,,, clean, automatic,
2015,Chevrolet,Cruze,$13999, 1G1PA5SG4F7146056, 9015,, 4 cylinders, fwd, gas, white,, clean, other, sedan
1990,Nissan,240SX SE,$9100,,, good, 4 cylinders, rwd, gas, red, compact, clean, manual, hatchback
1990,nissan,240sx,$9100,,, good, 4 cylinders, rwd, gas,,, clean, manual,
2014,Toyota,Prius c,$14999, JTDKDTB34E1060113, 34425,, 4 cylinders, fwd, hybrid, blue,, clean, automatic, sedan
2015,kia,optima sx turbo,$13500,, 38000, excellent, 4 cylinders, fwd, gas, blue,, rebuilt, automatic,
2002,2002,Chevy Suburban LT 1500 4x4,$4900,, 191300, good, 8 cylinders, 4wd, gas, green, full-size, clean, automatic, SUV
1996,subaru,legacy wagon,$300, 4S3BK6356T7300957, 246893, good, 4 cylinders, 4wd, gas, blue, compact, clean, automatic, wagon
2014,Dodge,Avenger,$10998, 1C3CDZAB4EN105239, 70833,,, fwd, gas,,, clean, automatic,
1997,toyota,4runner,$11000, JT3HN86R7V0116154, 167000, excellent, 6 cylinders, 4wd, gas, green, mid-size, clean, manual, SUV
1992,jeep,cherokee,$1500,, 220000, fair, 6 cylinders, 4wd, gas, purple, full-size, clean, automatic, offroad
2005,Lincoln,LS,$7000, 1034142107, 80000, like new, 8 cylinders,, gas, custom, full-size, clean, other, sedan
1999,honda,civic,$1950,,, excellent, 4 cylinders, fwd, gas, green, compact, rebuilt, automatic,
2007,Bug,E,$4500,,,,,, electric,,, clean, automatic,
1989,Cadillac,Allante,$995,,,,,, gas,,, clean, automatic,
2000,Buick,Park Avenue,$1000,,,,,, gas,,, clean, automatic,
2017,Volkswagen,Golf,$17990, 3VW217AUXHM020536, 7713,, 4 cylinders, fwd, gas, silver,, clean, automatic, sedan
2015,Toyota,RAV4,$24995, 2T3DFREVXFW398962, 20259,, 4 cylinders, 4wd, gas,,, clean, automatic, SUV
1993,Chevy,1500,$150,,,,,, gas,,, missing, automatic,
2012,Honda,CR-V,$16495, 5J6RM4H55CL073929, 65531,, 4 cylinders, 4wd, gas, blue,, clean, automatic, SUV
2007,Dodge,Ram 1500,$14999, 1D7HU18257S119492, 110863,, 8 cylinders, 4wd, gas,,, clean, automatic, truck
2017,Jeep,Grand Cherokee,$22770, 1C4RJFAG0HC621607, 44224,, 6 cylinders, 4wd, gas, silver,, clean, automatic, SUV
2017,Chevrolet,Camaro,$22450, 1G1FB1RS8H0207772, 11554,, 6 cylinders, rwd, gas, black,, clean, automatic, coupe
2001,Ford,Mustang,$1300,, 162000,, 6 cylinders, fwd, gas, silver, mid-size, clean, automatic,
1998,Dodge,1500,$2500,,, excellent, 8 cylinders, rwd, gas, grey, full-size, clean, automatic, truck
2001,buick,park ave,$1250,, 180000, good, 6 cylinders, rwd, gas, blue, full-size, clean, automatic, sedan
2003,Pt,cruiser,$2500,, 150000, good, 4 cylinders, fwd, gas,,, clean, automatic,
2007,Mazda,3 Hatchback,$7450, JM1BK343071747059, 23050, good, 4 cylinders, fwd, gas, grey, compact, clean, automatic, hatchback
1967,Chevy,C10,$3500,,, good, 8 cylinders,, gas,,, clean, manual,
2004,Xterra,,$2600,,, good, 6 cylinders, rwd, gas, silver, mid-size, clean, manual, SUV
2000,GMC,SIERRA,$5200,,,,,, gas,,, clean, automatic,
2005,ford,f-150,$7500,, 159950, good, 8 cylinders, 4wd, gas, white, full-size, clean, automatic, pickup
2013,Volvo,XC60,$22995, YV4902DZ1D2382512, 69235,,, 4wd, gas,,, clean, automatic,
2010,honda,crv,$9995, JHLRE4H73AC002913,,,,, gas,,, clean, automatic,
2004,cadillac,deville,$1500,, 236000, good, 8 cylinders, fwd, gas,, full-size, clean, automatic, sedan
2008,Chevrolet,Impala LT,$7995, 2G1WV58N381366049, 116664,,, fwd, gas, red,, clean, automatic, sedan
1975,Dodge,1 ton chassis,$2250,, 33730, good, 8 cylinders, rwd, gas, white, full-size, clean, automatic, truck
1990,honda,civic hatchback,$1100,,,,,, gas,,, clean, manual, hatchback
1996,toyota,4runner,$5000,, 221199, good, 6 cylinders, 4wd, gas, black, full-size, clean, automatic, SUV
1997,Tacoma,,$7995,, 240000,, 6 cylinders, 4wd, gas,,, clean, automatic,
2001,Ford,Explorer Eddie Bauer,$3500,, 134700, excellent, 8 cylinders, 4wd, gas, black, compact, clean, automatic, SUV
1999,Lexus,GS 400,$4995, JT8BH68X8X0019653, 160953,,, rwd, gas, black,, clean, automatic, sedan
2000,mitsubishi,eclipse gt,$2250,,,,,, gas,,, clean, manual,
1996,ford,f-250,$4100,,,,,, diesel,,, rebuilt, automatic,
2014,BMW,320i xDrive,$20900, WBA3C3G59ENS70066, 25605,, 4 cylinders, 4wd, gas, white,, clean, automatic, sedan
2014,Ram,1500,$25500,,,,,, gas,,, clean, automatic,
2000,ford,f-350,$6500,,, good,,, gas, white,, clean, manual,
2011,Nissan,Sentra,$7995, 3N1AB6AP7BL634556, 64020,,, fwd, gas,,, clean, automatic,
2013,Chevrolet,Silverado 1500,$28995, 1GCRKSE74DZ313167, 17667,,, 4wd, gas,,, clean, automatic,
2014,Toyota,RAV4,$15995, 2T3ZFREV6EW084164, 82311,,, fwd, gas,,, clean, automatic,
2011,Mitsubishi,Lancer GTS,$8995, JA32U8FW6BU005480, 104126,,, fwd, gas, white,, clean, automatic, sedan
2012,Ford,Mustang,$11500,, 66000, excellent, 6 cylinders, rwd, gas, blue, mid-size, clean, automatic, coupe
1993,toyota,t100,$2400,, 118000, good, 6 cylinders, 4wd, gas, black, mid-size, salvage, manual,
2006,nissan,350z,$10999,, 70000,, 6 cylinders, rwd, gas, black, compact, clean, manual, convertible
2005,Subaru,Outback 2.5i Limited,$6995, 4S4BP62C657357434, 176258,,,, gas, silver,, clean, automatic, wagon
1997,Tacoma,,$7995,, 240000,,, 4wd, gas,,, clean, automatic,
2001,toyota,camry,$5950,, 91000, excellent, 4 cylinders, fwd, gas, white, compact, clean, automatic, sedan
2010,pontiac,g6,$5950,, 91000, excellent, 4 cylinders, fwd, gas, silver, mid-size, clean, automatic, sedan
2004,Nissan,Pathfinder SE,$6995, JN8DR09Y74W902426, 130714,,, 4wd, gas, green,, clean, automatic, SUV
2006,Subaru,Outback,$7990,,,,,, gas,,, clean, automatic,
2008,Volkswagen,Jetta Wolfsburg Editi,$5995, 3VWRJ71K08M193558, 137450,,, fwd, gas, silver,, clean, automatic, sedan
2018,honda,accord sedan,$25497, 1HGCV1F48JA063973,, new,,, gas,,, clean, automatic,
2008,dodge,ram 1500 regular cab,$8995, 1D7HA16KX8J219445,,,,, gas,,, clean, automatic,
